"GEOID","TOWN","Unemployment.Rate","Poverty...","SNAP_Recipients","Tenure_Owner_Occupied...","White","Black_or_African_American","Asian","Hispanic_or_Latino","Median_Household_Income","Utility_gas","Electricity","Fuel_oil_kerosene_etc.","Bottled_tank_or_LP_gas","Median.Home.Age","Median.Home.Value","Heat_Pumps.2017.","Heat_Pumps.2018.","Heat_Pumps.2019.","Heat_Pumps.2020.","Heat_Pumps.2021.","Heat_Pumps.2022.","Heat_Pumps.2023.","CTAdopt17","CTAdopt18","CTAdopt19","CTAdopt20","CTAdopt21","CTAdopt22","CTAdopt23","Housing.Units"
"0900104720","Bethel",8.05794084482609,3.21560358460727,1.92307692307692,78.1583691582305,87.9989604989605,1.35135135135135,5.09355509355509,8.38877338877339,92125,22.16058799057,2.49618638191652,22.6043544584662,49.6325058937734,44,329700,"6","13","18","21","39","60","71",0.000832062127305505,0.0018028012758286,0.00249618638191652,0.00291221744556927,0.00540840382748579,0.00832062127305505,0.00984606850644848,7211
"0900108070","Bridgeport",16.0338134001252,22.9309812939956,9.57106013302566,41.4179919391665,40.3936473462739,35.7995113343288,3.40504954526945,39.3111171440206,41801,60.5555224651061,1.03837830325411,16.1832152004289,21.6907896043044,66,169100,"","8","35","20","69","37","93",NA,0.000158834157285524,0.000694899438124169,0.000397085393213811,0.00136994460658765,0.00073460797744555,0.00184644707844422,50367
"0900108980","Brookfield",5.43906333155934,2.86322763842877,1.40203502129673,84.7377326565144,91.1500236630383,0.496923805016564,5.65546616185518,4.36583057264553,112684,9.84771573604061,6.34517766497462,17.6142131979695,61.1675126903553,41,366300,"20","19","20","46","53","69","95",0.00338409475465313,0.00321489001692047,0.00338409475465313,0.0077834179357022,0.0089678510998308,0.0116751269035533,0.0160744500846024,5910
"0900118500","Danbury",8.65526961529882,12.0148220234308,3.8094781733672,59.9432408112411,64.079495903014,7.08107719584072,6.00771479227562,29.2970434615938,66676,32.5396276043469,3.17020834775386,28.4280473454696,34.2320204886828,47,288000,"37","36","28","40","99","151","179",0.00128054267321935,0.00124593341178099,0.000969059320274105,0.00138437045753444,0.00342631688239773,0.0052259984771925,0.0061950577974666,28894
"0900118850","Darien",6.78694158075601,5.40199242317946,0.158937920718025,86.651411136537,92.3663051608078,0.420718025430067,5.09068810770381,3.07591623036649,208906,8.20747520976354,5.40045766590389,5.55301296720061,79.7559115179253,59,1279900,"5","17","18","34","66","69","121",0.0007627765064836,0.00259344012204424,0.00274599542334096,0.00518688024408848,0.0100686498855835,0.0105263157894737,0.0184591914569031,6555
"0900123890","Easton",6.52346857597454,4.09210526315789,0.275626722667017,93.6987322893363,93.8180863630398,0.367502296889356,3.81939887124295,4.59377871111694,131189,14.7278150633855,4.77255779269202,3.02013422818792,76.5846383296048,49,645900,"","3","7","19","23","40","87",NA,0.00111856823266219,0.00260999254287845,0.00708426547352722,0.00857568978374348,0.0149142431021626,0.0324384787472036,2682
"0900126620","Fairfield",6.91712562286913,4.3306458757863,0.68014946899174,82.1578609202788,89.4912809754818,1.61433066736594,4.70532319391635,5.76406188540711,122306,53.6994019670835,1.72490485839964,4.35921514357732,39.3120150249592,58,578900,"","10","88","90","131","231","398",NA,0.000494242079770672,0.00434933030198191,0.00444817871793605,0.0064745712449958,0.0114169920427025,0.0196708347748727,20233
"0900133620","Greenwich",6.96550354234258,5.55905588135511,0.981836819681584,67.2236562061314,84.8608130185476,3.12970496844668,7.76499983983086,11.5674151904411,128153,60.3677036634515,2.36380926504551,12.4847167504415,24.1407417470452,56,1169900,"24","39","61","45","146","196","196",0.00108680885749219,0.00176606439342481,0.00276230584612598,0.00203776660779785,0.00661142054974415,0.00887560566951954,0.00887560566951954,22083
"0900148620","Monroe",5.15746234596075,4.07079646017699,1.33791083960216,92.1870331640275,93.3104458019892,0.727015701519665,4.0642197203009,4.48831221285404,110558,28.3537496265312,2.8234239617568,5.36301165222587,60.0985957573947,40,377200,"7","16","25","23","47","52","59",0.00104571257842844,0.00239020017926501,0.00373468778010158,0.00343591275769346,0.00702121302659098,0.00776815058261129,0.00881386316103974,6694
"0900150580","New Canaan",5.94768015794669,2.49341876521134,0.628122063405707,78.0078751640659,92.5119936693209,1.84974528908452,3.20490627627479,4.65403828082497,168311,5.64386758057459,4.8709348111419,13.0523552574012,75.2078168295173,48,1332000,"11","16","15","20","63","81","113",0.00160420008750182,0.0023333819454572,0.00218754557386612,0.0029167274318215,0.00918769141023771,0.0118127460988771,0.0164795099897915,6857
"0900150860","New Fairfield",9.28544134505159,2.91955171675352,0.927959198129914,95.4442383013812,92.1088049868952,0.531274350074378,1.68591060423603,7.27491676701849,101273,2.39125953411668,4.61760461760462,12.327355184498,75.1803751803752,47,352800,"17","9","17","36","57","74","103",0.00350443207586065,0.00185528756957328,0.00350443207586065,0.00742115027829314,0.0117501546072975,0.0152545866831581,0.0212327355184498,4851
"0900152980","Newtown",6.16943544495761,3.90448414145097,1.02813080108525,87.3069796170476,92.4925032129087,1.1923461373697,2.40254176781379,6.48650578323576,111022,11.6121062384188,5.19868231418571,4.85896644018942,73.1521515338686,40,414700,"22","25","39","41","78","115","148",0.00226477249330863,0.00257360510603253,0.00401482396541075,0.00422071237389335,0.0080296479308215,0.0118385834877496,0.0152357422277126,9714
"0900156060","Norwalk",8.64865877416455,8.35831524298496,2.91786866740402,61.7746140551308,73.8007548374591,15.4399607758178,4.54612832236805,24.3554805532434,76987,30.2076925330287,3.28382693265372,21.4664440343322,43.9786741658611,55,410000,"19","51","63","53","117","159","206",0.000556580836043003,0.00149398013885227,0.00184550487740575,0.00155256759527785,0.00342736620089639,0.00465770278583355,0.00603450801183467,34137
"0900163480","Redding",5.80061755624173,3.82241472658365,0.268846112485213,82.1428571428571,95.0854930637703,1.11839982793849,1.10764598343908,2.33358425637165,121270,5.55555555555556,5.52721088435374,9.72222222222222,73.5827664399093,44,605800,"16","13","16","15","48","78","97",0.00453514739229025,0.00368480725623583,0.00453514739229025,0.00425170068027211,0.0136054421768707,0.022108843537415,0.0274943310657596,3528
"0900163970","Ridgefield",5.29329951730344,2.79032580451729,0.994549866730318,84.3181307571332,94.4066515495087,0.596729920038191,2.6176552492342,5.00059672992004,145902,11.9523702538755,3.52729723657605,9.24511345764997,73.3093686811952,44,673900,"14","34","39","37","79","112","200",0.00157268029656257,0.0038193664345091,0.00438103796899573,0.00415636935520108,0.00887441024488879,0.0125814423725006,0.0224668613794653,8902
"0900168170","Shelton",8.28799578799579,5.06775202263364,2.28771792168305,80.5093555093555,93.2692543461737,0.89252874972415,3.84473922958095,5.39195252924012,86870,33.0106548856549,2.78066528066528,7.30899168399168,53.9436070686071,39,343200,"","7","65","40","77","99","190",NA,0.000454781704781705,0.00422297297297297,0.0025987525987526,0.00500259875259875,0.00643191268191268,0.0123440748440748,15392
"0900168310","Sherman",10.4645476772616,1.54995848325491,0.493285831734722,92.5718290119131,95.0945464510825,0,2.21978624280625,2.0279528637983,108398,1.12123335669236,10.2312543798178,7.63840224246671,71.8990889978977,41,491000,"9","8","11","13","19","39","52",0.00630693763139453,0.00560616678346181,0.00770847932725999,0.00911002102312544,0.0133146461107218,0.0273300630693763,0.0364400840925018,1427
"0900173070","Stamford",8.93514983455907,9.4081592039801,3.20478387259858,55.773406565334,60.8616658240647,14.6075581395349,8.82915192113246,25.8515546006067,79359,42.2999957423255,2.00536466981735,25.9334951249627,28.6349895686976,47,501200,"31","39","70","52","184","209","314",0.000659939541022693,0.00083024651935113,0.00149018606037382,0.00110699535913484,0.00391706050155405,0.00444926980883042,0.00668454889939115,46974
"0900174190","Stratford",8.23358973474527,7.93222429978603,3.52855722914596,79.8542048855846,75.5466778805719,15.8345439253766,3.02393149323343,14.2843489563422,66886,60.8863570532007,0.873805155933185,7.99942068166458,28.7921212706382,58,249900,"","19","40","48","91","68","173",NA,0.000917254031090084,0.00193106111808439,0.00231727334170126,0.00439316404364198,0.00328280390074346,0.00835183933571497,20714
"0900177200","Trumbull",6.99897942740506,2.24161817678027,1.52579913045856,88.3362204074899,88.8326816329879,3.45082168931667,4.21372125454595,7.94892127642121,111312,43.1823805988617,1.73224449393714,4.82553823311062,49.3194753773818,50,396500,"","3","43","35","89","84","169",NA,0.000247463499133878,0.00354697682091891,0.00288707415656191,0.00734141714097171,0.00692897797574858,0.0139404437845418,12123
"0900183430","Weston",4.60434522623081,1.57411878319652,0.154246601754555,93.8147380881918,91.3236286513063,1.12792827533018,3.76940133037694,6.45907644847199,217171,11.8378218407813,3.6105356614383,2.75229357798165,80.378810298905,49,865500,"6","10","17","29","37","57","89",0.00177567327611719,0.00295945546019532,0.00503107428233205,0.00858242083456644,0.0109499852027227,0.0168688961231133,0.0263391535957384,3379
"0900183500","Westport",7.12464260876285,4.68346014626579,1.3568372161065,85.523613963039,90.8642065610942,0.804593497421644,5.77478696558534,4.33749039973668,162907,23.7987679671458,6.13963039014374,7.782340862423,60.8829568788501,53,1041800,"15","28","39","51","111","161","198",0.00154004106776181,0.00287474332648871,0.0040041067761807,0.00523613963039014,0.0113963039014374,0.0165297741273101,0.0203285420944559,9740
"0900186370","Wilton",4.27130044843049,3.11957465277778,0.289652952850936,85.8390727364354,89.4705787695113,0.874322802124122,6.97312664270772,2.68733572922813,172095,5.00587938854359,3.34285234335629,12.1451369057618,77.8767008231144,42,810700,"13","15","22","18","87","87","147",0.00218377288761969,0.00251973794725349,0.00369561565597178,0.00302368553670418,0.0146144800940702,0.0146144800940702,0.0246934318830842,5953
"0900302060","Avon",5.67779328109907,2.69211673194682,0.583583310608127,85.9624145785877,88.1865284974093,0.207253886010363,10.22088901009,3.27242977911099,123894,40.2334851936219,4.22835990888383,7.374715261959,45.1879271070615,38,376500,"11","40","26","26","62","76","124",0.00156605922551253,0.00569476082004556,0.00370159453302961,0.00370159453302961,0.00882687927107061,0.0108200455580866,0.0176537585421412,7024
"0900304300","Berlin",6.20161781334261,4.17951353203152,0.956750951869569,84.7174819871066,94.53773308601,0.654105242604706,3.17777994728107,4.17358195841062,87810,57.3884464669448,2.98318796612312,5.53659461509291,29.3515358361775,44,287600,"14","16","25","37","66","50","119",0.00176968777651372,0.00202250031601567,0.00316015674377449,0.00467703198078625,0.00834281380356466,0.00632031348754898,0.0150423461003666,7911
"0900305910","Bloomfield",10.9388458225668,6.37430389817025,3.84931573093476,73.4559170202735,34.4213936844141,58.010542095846,1.96818027951061,4.77779389719039,72762,44.0829797265441,3.12352663837812,16.8316831683168,34.028760018859,48,207900,"13","11","14","20","34","38","65",0.00153229608675153,0.0012965582272513,0.00165016501650165,0.00235737859500236,0.00400754361150401,0.00447901933050448,0.00766148043375766,8484
"0900308490","Bristol",9.21859720864077,10.4340121041897,5.88565577831357,65.6915854098953,87.10407239819,3.45311622683885,1.9106912838128,12.4038048683819,61478,19.4614983347378,1.88194695236949,24.6860077845993,50.7965169937001,52,194600,"22","36","41","72","133","132","221",0.000882789615183981,0.00144456482484652,0.00164519882829742,0.00288912964969303,0.00533686449179407,0.00529673769110389,0.00886802295253,24921
"0900310100","Burlington",5.1219512195122,2.23746701846966,0.46320665333193,93.1831653823355,95.7679755763765,1.4422570796926,1.93704600484262,2.25286872302348,113472,2.4303497332543,9.66212211025489,11.2922347362181,67.3384706579727,35,317200,"19","19","21","26","41","65","71",0.00563129816241849,0.00563129816241849,0.00622406639004149,0.00770598695909899,0.0121517486662715,0.0192649673977475,0.0210432720806165,3374
"0900312270","Canton",4.99108734402852,2.13908966595038,1.98335913312693,81.2624750499002,94.1273219814241,0.880417956656347,2.64125386996904,4.12151702786378,87326,18.7874251497006,7.46007984031936,6.2624750499002,59.5558882235529,44,299200,"9","14","22","29","51","49","69",0.00224550898203593,0.00349301397205589,0.00548902195608782,0.00723552894211577,0.0127245508982036,0.0122255489021956,0.0172155688622754,4008
"0900322070","East Granby",5.13268156424581,2.47901620144447,1.67870388444271,75.0582750582751,90.3767323833691,5.21178996681632,1.63966425922311,4.19675971110677,72684,5.87412587412587,4.52214452214452,20.4195804195804,64.6153846153846,42,283500,"5","7","13","10","32","23","30",0.00233100233100233,0.00326340326340326,0.00606060606060606,0.00466200466200466,0.0149184149184149,0.0107226107226107,0.013986013986014,2145
"0900322630","East Hartford",12.3569956654587,15.4492655949573,9.19881885914309,56.5092707045735,50.0889766705125,27.0489078358136,5.27993429415101,28.4705790327943,48369,52.7119901112485,1.48825710754017,13.7107540173053,30.3733003708282,56,165400,"17","19","29","31","47","46","72",0.000840543881334981,0.000939431396786156,0.00143386897404203,0.0015327564894932,0.0023238566131026,0.00227441285537701,0.00355995055624227,20225
"0900324800","East Windsor",9.0064858490566,4.79213232007152,2.72240273996663,70.2623247399367,82.0672696935101,6.12979713708615,4.79494160007026,6.09466935979626,74798,31.0719131614654,7.16870194482135,14.1112618724559,44.7761194029851,40,212100,"6","20","17","25","38","34","50",0.00135685210312076,0.00452284034373587,0.00384441429217549,0.00565355042966983,0.00859339665309815,0.00768882858435097,0.0113071008593397,4422
"0900325990","Enfield",8.15913688469319,8.34026520526496,2.64651131495727,74.0832049306626,84.1164464978581,6.66562002377375,2.25850584251015,9.21569067216902,67377,37.4298921417565,2.47765793528505,6.36671802773498,50.6872110939908,53,186900,"31","47","70","65","129","119","118",0.00191063174114022,0.00289676425269646,0.00431432973805855,0.00400616332819723,0.00795069337442219,0.00733436055469954,0.00727272727272727,16225
"0900327600","Farmington",4.55592342018137,5.45855831001458,1.67038297539412,73.7310258145606,85.90932206705,2.12416383053632,9.6624026913899,3.81410632554864,91712,36.3144155467466,3.25824228947114,14.1448322536982,44.4455187083051,36,327600,"34","41","45","43","84","97","148",0.00328724741370976,0.00396403364594412,0.00435076863579232,0.00415740114086822,0.00812143478681234,0.00937832350381901,0.0143091946243836,10343
"0900331240","Glastonbury",6.45963390117448,3.67135412117507,1.64912786507136,81.3428854508041,86.2995531209456,1.81058094277065,8.95199654029119,3.84892604872423,109018,50.3696364606356,3.87927749409344,7.13360262175139,35.9500038106852,40,346300,"38","35","59","80","131","118","227",0.00289612072250591,0.00266747961283439,0.00449660849020654,0.00609709625790717,0.00998399512232299,0.00899321698041308,0.0173005106318116,13121
"0900332640","Granby",5.05910165484634,2.78792197381313,1.08753315649867,91.6862376702677,92.9000884173298,1.33510167992927,2.14854111405836,2.85587975243148,102671,4.81446688586191,7.79708783466416,4.18036636918741,74.1427900422734,36,289500,"9","22","28","27","67","63","82",0.00211366838891498,0.00516674495068107,0.00657585720995773,0.00634100516674495,0.015735086895256,0.0147956787224049,0.0192578675434476,4258
"0900337070","Hartford",19.3837470293108,33.429005714868,15.0839376577587,23.747209266341,36.5551504467326,38.3292599863777,2.63071437156937,44.238951881085,30630,62.6583257808528,2.12206282190146,19.816972081611,13.0573178010124,64,161400,"11","18","8","33","54","54","67",0.000243153031676209,0.000397886779106523,0.000176838568491788,0.000729459095028626,0.00119366033731957,0.00119366033731957,0.00148102301111873,45239
"0900337140","Hartland",7.19178082191781,6.22710622710623,1.183970856102,93.0537352555701,95.9471766848816,0.774134790528233,1.68488160291439,2.27686703096539,91964,0.393184796854522,3.53866317169069,1.70380078636959,77.1952817824377,45,271600,"3","5","3","1","6","5","14",0.00393184796854522,0.00655307994757536,0.00393184796854522,0.00131061598951507,0.00786369593709043,0.00655307994757536,0.018348623853211,763
"0900344700","Manchester",9.97242371560458,11.8235498436957,5.74183236805472,55.7060602294851,69.2182102531493,13.1214876175091,9.11715675322667,14.5187069276643,63158,50.9050992088149,2.60138353837869,14.4070253924858,29.7212211590241,53,187800,"26","35","56","63","135","132","164",0.00107700592353258,0.00144981566629386,0.00231970506607017,0.00260966819932894,0.00559214614141916,0.0054678762271654,0.0067934219792055,24141
"0900345820","Marlborough",7.00139470013947,1.05011933174224,0.760987731014133,91.4373088685015,97.0181705233732,1.22689858673707,0,4.2708495107936,108698,3.75709916994321,8.69375273044998,13.6740934906073,63.6085626911315,36,295800,"5","10","10","27","36","27","61",0.00218435998252512,0.00436871996505024,0.00436871996505024,0.0117955439056356,0.0157273918741809,0.0117955439056356,0.0266491917868065,2289
"0900350440","New Britain",12.6357857468551,23.3489658318247,11.1442976927714,40.290042357671,68.3290403902011,10.870280046035,2.91691784950951,40.1339946292541,40457,63.0195993969416,1.74097207265417,16.9753751166631,17.535357886424,62,159900,"19","12","24","23","52","67","95",0.000682030296503697,0.000430755976739177,0.000861511953478355,0.000825615622083423,0.00186660923253643,0.00240505420346041,0.00341015148251849,27858
"0900352140","Newington",6.34753151552174,4.3761361758387,2.45773222795222,80.1011937702585,82.9427508322998,4.39976499771526,6.56700829035838,9.00189307396044,79960,54.0833267451972,1.73136216301684,10.8546130128864,31.2198592774132,48,228600,"17","21","26","53","58","82","79",0.00134397976124595,0.00166021029330382,0.00205549845837616,0.00419005454976678,0.00458534271483912,0.00648272590718634,0.00624555300814294,12649
"0900360120","Plainville",8.04182509505703,9.00589435502154,3.93457366083975,67.9174484052533,90.3827778090046,3.56359957281772,2.02349502557473,7.5993479849362,58500,27.5931385687483,4.38220316269097,26.0251943178772,39.3996247654784,51,199300,"16","14","14","15","33","50","58",0.00214419726614849,0.00187617260787992,0.00187617260787992,0.00201018493701421,0.00442240686143125,0.00670061645671402,0.00777271508978826,7462
"0900365370","Rocky Hill",7.72242965121574,8.21952972584454,2.01623065678714,66.5276197699406,78.5825898482786,3.64937748878472,12.1326679772166,6.67372347396542,81576,61.1806345594741,0.948047023132347,15.3962836556693,20.3640500568828,38,260200,"19","14","13","21","51","39","64",0.00240171912526861,0.00176968777651372,0.00164328150676274,0.00265453166477057,0.00644671975729996,0.00492984452028821,0.0080900012640627,7911
"0900368940","Simsbury",5.38147663407499,3.37021493068803,0.813621875524241,85.3946621237933,90.7356148297266,2.64217413185707,4.03455796007381,5.24660291897333,113355,18.6712095400341,3.56615559341283,13.038046564452,63.3276547416241,46,328600,"16","43","53","44","123","136","154",0.00181714934696195,0.00488358886996025,0.00601930721181147,0.00499716070414537,0.01396933560477,0.0154457694491766,0.0174900624645088,8805
"0900370550","Southington",5.25258323765786,3.66838706691045,2.36790830945559,83.4621238730828,94.4916905444126,1.47392550143266,2.45959885386819,2.96618911174785,82704,46.335323732584,5.20430862896616,8.54115443156539,37.8644186863365,43,270300,"31","32","46","66","115","183","204",0.00181477578737853,0.00187331694181009,0.00269289310385201,0.00386371619248332,0.00673223275963002,0.0107130312609765,0.0119423955040393,17082
"0900371390","South Windsor",4.69286264621419,4.34392319100773,1.25164690382082,86.8464903145178,81.8065566147408,4.58033015577773,10.3348058591025,5.30109276912346,97389,46.9797958758592,2.38491980837326,12.4140803999167,35.971672568215,37,276300,"17","46","36","57","95","97","165",0.0017704644865653,0.0047906686107061,0.00374921891272652,0.00593626327848365,0.00989377213080608,0.010102062070402,0.0171839200166632,9602
"0900374540","Suffield",5.27296937416778,5.30485436893204,1.36041387238935,86.3169164882227,81.8994698856741,9.10136041387239,2.38870792616721,7.32579676821869,99707,13.4903640256959,7.75160599571734,10.3854389721627,62.9122055674518,39,301600,"23","32","27","36","75","60","71",0.00492505353319058,0.00685224839400428,0.00578158458244111,0.00770877944325482,0.0160599571734475,0.012847965738758,0.015203426124197,4670
"0900382590","West Hartford",5.62003665241295,7.99381460079759,3.18859815446846,71.9991979145779,80.4781317153331,7.0740108709392,6.95708507141954,9.725382378966,86569,54.7944656105875,1.78865049127732,9.67315019049529,32.3240425105274,61,313500,"48","81","115","129","241","321","368",0.00192500501303389,0.00324844595949469,0.00461199117706036,0.00517345097252857,0.00966512933627431,0.0128734710246641,0.0147583717665931,24935
"0900384900","Wethersfield",6.00369896144544,4.7188717056755,2.61033572236892,77.6705336426914,87.8234628442097,3.13466616371181,3.70049038098831,10.362127499057,77195,59.7494199535963,1.02088167053364,9.1508120649652,28.6682134570766,55,249300,"17","20","28","38","78","78","109",0.00157772621809745,0.00185614849187935,0.00259860788863109,0.00352668213457077,0.00723897911832947,0.00723897911832947,0.0101160092807425,10775
"0900387000","Windsor",8.97867564534231,6.11626123928347,2.50214813541846,82.7377628885167,51.3593400927995,36.6145385805121,4.4681216703901,9.35212235779344,81982,37.5488553880514,1.71226502884794,10.4969290898939,47.8317513493393,48,223100,"14","23","32","36","70","79","108",0.00130281034803648,0.00214033128605993,0.00297785222408338,0.0033500837520938,0.00651405174018239,0.00735157267820584,0.0100502512562814,10746
"0900387070","Windsor Locks",6.80403816899461,5.72298813722347,3.15982171283031,77.3421793325291,84.3202801655524,4.36962750716332,7.79210442534225,4.36962750716332,68944,40.5307599517491,1.30679533574588,4.6843586650583,51.7691998391636,56,195800,"5","7","16","24","23","18","37",0.00100522718134298,0.00140731805388018,0.00321672698029755,0.00482509047044632,0.00462404503417772,0.00361881785283474,0.00743868114193808,4974
"0900502760","Barkhamsted",7.80580675868634,2.0118025751073,0.294827124095417,92.2068965517241,98.7670865719646,0.0804073974805682,0.321629589922273,0.482444384883409,95735,0.896551724137931,5.24137931034483,3.24137931034483,76.2758620689655,38,251500,"2","3","9","10","20","23","27",0.00137931034482759,0.00206896551724138,0.00620689655172414,0.00689655172413793,0.0137931034482759,0.0158620689655172,0.0186206896551724,1450
"0900504930","Bethlehem",7.47711088504578,7.81517398745009,2.24240703945501,84.4357976653696,98.2401362475163,1.16378086857792,0.227079193868862,0.766392279307408,84306,1.47859922178988,9.57198443579767,11.3618677042802,65.9922178988327,35,342300,"6","4","10","14","21","21","48",0.0046692607003891,0.00311284046692607,0.00778210116731518,0.0108949416342412,0.0163424124513619,0.0163424124513619,0.0373540856031128,1285
"0900508210","Bridgewater",5.26893523600439,2.91840381179273,1.72721858248958,90.3054448871182,95.1161405598571,0.357355568790947,1.131625967838,4.70518165574747,98424,1.59362549800797,4.7808764940239,8.36653386454183,80.2124833997344,52,494900,"7","3","3","9","16","18","23",0.00929614873837981,0.00398406374501992,0.00398406374501992,0.0119521912350598,0.0212483399734396,0.0239043824701195,0.0305444887118194,753
"0900510940","Canaan",3.89972144846797,5.52147239263804,1.65361183637946,73.6940298507463,97.4760661444734,0.696257615317667,0.261096605744125,1.65361183637946,72321,0.746268656716418,12.8731343283582,6.34328358208955,64.365671641791,56,273400,"2","2","3","7","6","5","11",0.00373134328358209,0.00373134328358209,0.00559701492537313,0.0130597014925373,0.0111940298507463,0.00932835820895522,0.0205223880597015,536
"0900516050","Colebrook",5.86319218241042,4.38652256834075,0.428658909981629,90.8180300500835,98.162890385793,0.306184935701164,0.796080832823025,1.53092467850582,81172,1.1686143572621,7.34557595993322,6.34390651085142,58.5976627712855,50,289200,"","2","2","5","13","11","12",NA,0.00333889816360601,0.00333889816360601,0.00834724540901502,0.0217028380634391,0.0183639398998331,0.0200333889816361,599
"0900517240","Cornwall",7.44985673352436,10.4992657856094,3.67107195301028,81.8661971830986,96.3289280469897,0,1.61527165932452,0.513950073421439,75833,0.528169014084507,9.85915492957746,5.80985915492958,69.5422535211268,63,424600,"","2","2","3","7","29","24",NA,0.00352112676056338,0.00352112676056338,0.00528169014084507,0.0123239436619718,0.051056338028169,0.0422535211267606,568
"0900532290","Goshen",4.55746367239102,14.7239263803681,1.08732585796806,92.6660914581536,97.0778117567108,0.713557594291539,0.339789330615019,5.30071355759429,92361,5.09059534081104,9.74978429680759,5.00431406384814,68.3347713546161,31,382600,"7","7","6","7","21","35","43",0.00603968938740293,0.00603968938740293,0.00517687661777394,0.00603968938740293,0.0181190681622088,0.0301984469370147,0.0371009490940466,1159
"0900537280","Harwinton",4.98543217869861,6.78945467677862,0.969305331179321,95.0617283950617,98.3844911147011,0.143600789804344,1.34625740441572,0.664153652845091,91875,1.33333333333333,6.41975308641975,5.1358024691358,75.2592592592593,44,290600,"6","4","8","16","27","24","38",0.00296296296296296,0.00197530864197531,0.00395061728395062,0.00790123456790123,0.0133333333333333,0.0118518518518519,0.0187654320987654,2025
"0900540290","Kent",8.63856254319281,8.37053571428571,3.05107987658553,62.3188405797101,87.4528625299966,7.91909496057593,2.05690778196778,0.411381556393555,60714,1.6304347826087,4.34782608695652,15.3079710144928,67.1195652173913,45,403600,"2","4","4","17","23","42","44",0.00181159420289855,0.0036231884057971,0.0036231884057971,0.0153985507246377,0.0208333333333333,0.0380434782608696,0.0398550724637681,1104
"0900543370","Litchfield",5.55555555555556,5.73611447974776,1.55309414880809,79.9186283057251,96.6891403804479,0.46954009150012,1.09559354683361,1.17986997351312,82361,1.0171461784365,9.18337692531241,13.6006974716652,64.6033129904098,55,309100,"17","18","19","33","56","64","85",0.004940424295263,0.00523103748910201,0.00552165068294101,0.00959023539668701,0.016274338854984,0.018599244405696,0.024702121476315,3441
"0900549460","Morris",6.54490106544901,3.99132321041215,1.46931719965428,83.7513631406761,98.8331892826275,0.302506482281763,0.475367329299914,1.90146931719965,83750,1.30861504907306,11.3413304252999,7.74263904034896,67.6117775354416,57,362900,"2","2","4","12","13","20","38",0.00218102508178844,0.00218102508178844,0.00436205016357688,0.0130861504907306,0.0141766630316249,0.0218102508178844,0.0414394765539804,917
"0900551350","New Hartford",4.82365145228216,3.1565103024989,2.08667736757624,89.2477203647416,98.5699693564862,0.598278126368014,0.350211586166642,2.40770465489567,87596,3.45744680851064,3.07750759878419,13.2598784194529,72.7963525835866,43,278400,"8","13","17","25","31","42","42",0.00303951367781155,0.00493920972644377,0.00645896656534954,0.00949848024316109,0.0117781155015198,0.0159574468085106,0.0159574468085106,2632
"0900552630","New Milford",8.10444418248261,5.66772163410819,2.09251897361764,79.0451686678102,90.0903505601735,1.80701120346946,2.76111311890134,6.73292374412721,78343,2.86830569849438,4.45016199733181,26.9201448446731,59.4720792834,40,292200,"25","18","42","70","90","130","121",0.00238231370306842,0.00171526586620926,0.00400228702115495,0.00667047836859158,0.00857632933104631,0.0123880312559558,0.0115303983228512,10494
"0900553470","Norfolk",3.41047503045067,9.2496765847348,2.06451612903226,73.7951807228916,94.258064516129,0.258064516129032,1.29032258064516,3.54838709677419,72875,1.6566265060241,8.13253012048193,5.42168674698795,71.9879518072289,64,297800,"","1","1","","7","8","26",NA,0.00150602409638554,0.00150602409638554,NA,0.0105421686746988,0.0120481927710843,0.0391566265060241,664
"0900554030","North Canaan",7.70020533880904,8.08538163001294,4.01358443964186,74.3098159509202,99.1972831120716,0.277863538129052,0.246989811670269,5.74251312133374,69231,1.61042944785276,2.14723926380368,12.6533742331288,67.7914110429448,63,217900,"","","1","","5","15","7",NA,NA,0.000766871165644172,NA,0.00383435582822086,0.0115030674846626,0.0053680981595092,1304
"0900560750","Plymouth",6.9945197577156,6.5304755525787,3.41552815728091,82.046908315565,94.46017994002,1.5078307230923,0.28323892035988,4.58180606464512,70167,16.8869936034115,5.65031982942431,17.5479744136461,51.3859275053305,49,193200,"6","12","12","15","27","43","84",0.00127931769722815,0.00255863539445629,0.00255863539445629,0.00319829424307036,0.00575692963752665,0.00916844349680171,0.017910447761194,4690
"0900565930","Roxbury",3.96761133603239,3.08234258036107,1.1889035667107,85.3579175704989,98.4588287098195,0,0.616468516072215,1.76133861734919,96875,4.01301518438178,11.7136659436009,8.13449023861171,64.3167028199566,38,628800,"5","3","8","12","15","25","53",0.00542299349240781,0.00325379609544469,0.00867678958785249,0.0130151843817787,0.0162689804772234,0.027114967462039,0.0574837310195228,922
"0900566420","Salisbury",2.15827338129496,2.38162744542104,0.73270013568521,68.0500658761528,95.6580732700136,2.60515603799186,0.461329715061058,3.20217096336499,82794,1.58102766798419,16.1396574440053,7.2463768115942,71.1462450592885,62,458400,"1","4","8","14","23","34","62",0.000658761528326746,0.00263504611330698,0.00527009222661397,0.00922266139657444,0.0151515151515152,0.0223978919631094,0.0408432147562582,1518
"0900567960","Sharon",4.09893992932862,9.55772113943029,0.950292397660819,86.5492393915132,91.0453216374269,0.804093567251462,1.8640350877193,0.657894736842105,74625,0.640512409927942,12.9703763010408,6.48518815052042,68.8550840672538,66,427000,"2","2","5","10","13","16","23",0.00160128102481986,0.00160128102481986,0.00400320256204964,0.00800640512409928,0.0104083266613291,0.0128102481985588,0.0184147317854283,1249
"0900575730","Thomaston",6.55702228954772,5.44554455445545,3.63236814891417,78.672032193159,96.1995863495346,0.297311271975181,0.77559462254395,3.36091003102379,67191,24.5472837022133,3.85647216633132,16.8008048289738,49.1616364855801,50,209200,"2","3","17","13","16","43","39",0.000670690811535882,0.00100603621730382,0.005700871898055,0.00435949027498323,0.00536552649228706,0.0144198524480215,0.0130784708249497,2982
"0900576570","Torrington",9.19969704620045,10.6726534841551,5.77860423182036,66.3981894428543,89.9754881244189,2.45963992900008,3.10483757360606,8.76792606992928,56264,34.5536843506623,2.99540704253478,16.4347999733742,42.2485522199294,56,167700,"26","24","40","35","108","104","144",0.00173067962457565,0.00159755042268522,0.00266258403780869,0.00232976103308261,0.00718897690208347,0.0069227184983026,0.0095853025361113,15023
"0900579510","Warren",4.55729166666667,10.3353867214237,0.819672131147541,90.3878583473862,97.3360655737705,0,1.02459016393443,3.34699453551913,90865,0.674536256323777,7.92580101180438,7.75716694772344,66.610455311973,45,378100,"1","4","3","5","6","25","24",0.00168634064080944,0.00674536256323777,0.00505902192242833,0.00843170320404722,0.0101180438448567,0.0421585160202361,0.0404721753794266,593
"0900579720","Washington",5.82576162479957,4.55082742316785,0.65396644867785,82.537517053206,95.9056013647995,0.113733295422235,0.65396644867785,6.11316462894512,81354,1.56889495225102,11.5961800818554,8.18553888130969,72.1691678035471,60,468800,"3","5","14","21","31","49","53",0.00204638472032742,0.0034106412005457,0.00954979536152797,0.014324693042292,0.0211459754433834,0.0334242837653479,0.0361527967257844,1466
"0900580490","Watertown",6.67508284677292,4.57127277684373,3.28505031361401,82.9977903265406,93.8946798429674,1.98546996976671,1.23189386760525,4.48535715897297,78722,23.9381291431377,3.87920451755463,10.2258777314019,55.1436287748588,50,250600,"15","17","21","31","50","63","116",0.00184139454947213,0.00208691382273508,0.00257795236926099,0.00380554873557574,0.00613798183157378,0.00773385710778296,0.0142401178492512,8146
"0900586440","Winchester",8.58935177738459,12.0837907061837,6.44194075958568,60.0980191954258,92.7130656005815,2.13519898237325,2.17154279483918,9.92186080319826,52757,29.1402899734531,4.34960179701858,15.5401266081274,43.5777006330406,61,180300,"8","9","7","13","25","29","57",0.00163365325709618,0.0018378599142332,0.00142944659995916,0.00265468654278129,0.00510516642842557,0.00592199305697366,0.0116397794568103,4897
"0900587910","Woodbury",6.00109110747409,5.1884383617608,1.70564804412215,74.6891002194587,92.9424982126443,0.306403840261465,4.10581145950363,4.18751915024002,80350,2.43842965130456,7.36405754693977,24.7988295537674,60.8144355035357,44,334500,"12","9","18","23","35","40","75",0.00292611558156547,0.0021945866861741,0.00438917337234821,0.00560838819800049,0.00853450377956596,0.00975371860521824,0.0182882223847842,4101
"0900714300","Chester",5.16185476815398,3.97303154346256,1.99390100867933,72.0765027322404,97.0208773164438,0.750645085620455,0.656814449917898,2.29885057471264,78750,2.18579234972678,7.26775956284153,22.1311475409836,64.9180327868852,50,330400,"7","15","7","9","28","32","59",0.00382513661202186,0.00819672131147541,0.00382513661202186,0.00491803278688525,0.0153005464480874,0.0174863387978142,0.0322404371584699,1830
"0900715350","Clinton",6.86300999729803,8.62358692331195,2.49867091972355,80.4983139752716,95.7621326042379,0.410116199589884,1.77717019822283,6.05301131616921,71455,7.28737354814537,7.34357437242413,17.6845260397152,61.4837017609592,48,283100,"20","33","49","56","102","102","120",0.00374672161858374,0.00618209067066317,0.00917946796553016,0.0104908205320345,0.0191082802547771,0.0191082802547771,0.0224803297115024,5338
"0900718080","Cromwell",6.01458080194411,3.26716893654013,1.4908419707511,84.2558651026393,86.738605707795,7.24833167684226,2.61252307255431,7.347721141559,82081,34.1092375366569,3.1158357771261,21.6642228739003,37.6282991202346,40,245600,"16","14","23","18","39","55","56",0.00293255131964809,0.00256598240469208,0.00421554252199413,0.00329912023460411,0.00714809384164223,0.0100806451612903,0.0102639296187683,5456
"0900719130","Deep River",4.83566301473366,5.78276165347405,1.96893458761759,80.9076682316119,92.3430321592649,3.23780354408226,2.40647560708816,3.69722161452636,69395,1.09546165884194,7.094418362024,20.3442879499218,62.4934793948878,58,270200,"6","9","17","7","22","39","55",0.00312989045383412,0.00469483568075117,0.00886802295253,0.00365153886280647,0.0114762649973918,0.0203442879499218,0.0286906624934794,1917
"0900720810","Durham",4.13339596054486,2.64026402640264,0.734793849503334,90.8635312259059,95.5640223159614,0.326575044223704,1.75534086270241,1.72812627568377,113152,2.12027756360833,6.97764070932922,4.08635312259059,82.2667694680031,38,355600,"12","15","22","22","34","22","59",0.0046260601387818,0.00578257517347725,0.00848111025443331,0.00848111025443331,0.0131071703932151,0.00848111025443331,0.0227447956823439,2594
"0900722280","East Haddam",6.7978184651344,3.87468172257279,2.28690228690229,83.6953373877787,93.5003829740672,1.82733340628077,1.1817485501696,3.15132946711894,82117,1.47697654213727,5.87894584419345,7.81928757602085,74.4859542426875,42,285000,"18","21","28","40","41","72","99",0.0052128583840139,0.00608166811468288,0.00810889081957718,0.0115841297422531,0.0118737329858094,0.0208514335360556,0.0286707211120765,3453
"0900722490","East Hampton",5.46056991385023,4.65116279069767,2.1680216802168,85.6075898264029,91.3124274099884,1.82733255903988,4.29732868757259,4.73093302361595,96299,2.42228502220428,8.35688332660476,12.7169963665725,66.8146951958014,37,258700,"19","20","24","24","57","73","80",0.00383528461849011,0.0040371417036738,0.00484457004440856,0.00484457004440856,0.0115058538554703,0.0147355672184094,0.0161485668146952,4954
"0900726270","Essex",4.80769230769231,5.04060058219703,1.38679529695508,78.1082887700535,97.0605969249322,2.48718721736509,0.241181790774797,2.29122701236057,86376,4.24465240641711,4.31149732620321,14.5053475935829,75.1671122994652,49,370600,"26","26","35","41","57","72","107",0.00868983957219251,0.00868983957219251,0.0116978609625668,0.0137032085561497,0.0190508021390374,0.0240641711229947,0.0357620320855615,2992
"0900735230","Haddam",4.81878922858878,6.6218002643913,1.60710002398657,90.5752753977968,96.4619812904773,0.683617174382346,2.18277764451907,2.7104821300072,99866,1.19339045287638,8.59853121175031,8.87392900856793,71.297429620563,41,313300,"21","18","24","23","42","60","71",0.00642594859241126,0.00550795593635251,0.00734394124847001,0.00703794369645043,0.0128518971848225,0.018359853121175,0.0217258261933905,3268
"0900740710","Killingworth",3.95792969831165,1.71826625386997,1.24807395993837,95.1452447274174,95.0231124807396,0.477657935285054,0.847457627118644,2.80431432973806,112137,2.26820533227218,18.9017111022682,8.91364902506964,62.1965777954636,32,385300,"18","19","21","19","47","50","63",0.00716275368085953,0.00756068444090728,0.00835654596100279,0.00756068444090728,0.0187027457222443,0.0198965380023876,0.0250696378830084,2513
"0900747080","Middlefield",4.49481367652708,3.34312175288005,3.00429184549356,90.4625928041119,97.2215947594308,0.0903546419697312,1.94262480234922,1.64897221594759,102426,4.39748715019989,7.93832095945174,11.9360365505425,69.9600228440891,53,300300,"14","11","17","7","17","27","31",0.00799543118218161,0.00628212450028555,0.00970873786407767,0.00399771559109081,0.00970873786407767,0.0154197601370645,0.0177041690462593,1751
"0900747360","Middletown",6.68760046353407,11.001308288945,5.11457495023084,52.9208180388044,76.9007581854378,12.9420983523233,4.72701088567919,9.62980219407853,63691,26.0566334556896,2.05034084950184,24.3890928159413,44.2684845306765,44,226800,"33","41","56","60","124","124","181",0.00173046670162559,0.00214997378080755,0.00293654955427373,0.00314630309386471,0.0065023597273204,0.0065023597273204,0.00949134766649187,19070
"0900757320","Old Saybrook",6.29752388379801,5.70179795371014,0.959561343385881,83.3020637898687,92.783707040047,0.636443748164105,3.77949671986684,3.32909037501224,71796,4.50281425891182,8.67729831144465,14.7748592870544,67.3780487804878,51,369300,"36","38","59","62","112","122","143",0.00844277673545966,0.00891181988742964,0.0138367729831144,0.0145403377110694,0.026266416510319,0.0286116322701689,0.0335365853658537,4264
"0900761800","Portland",5.38738738738739,6.18402814799019,2.06414734836456,84.3869976964423,96.2739494019265,1.6619032497089,0.539853921879962,2.50873293108923,90417,11.2618377271564,1.86844125927822,8.08804709495777,76.8364474020988,55,260000,"7","17","15","19","47","43","61",0.00179165600204761,0.00435116457640133,0.00383926286153059,0.00486306629127208,0.0120296902994625,0.011005886869721,0.0156130023035577,3907
"0900781680","Westbrook",8.02139037433155,8.20318201722376,3.19918934568616,77.8291814946619,95.4979733642154,1.60683265778807,0.260567458019687,4.35726693688477,78346,6.26334519572954,16.1921708185053,18.6476868327402,54.2348754448399,50,356700,"19","27","22","24","65","56","104",0.00676156583629893,0.0096085409252669,0.00782918149466192,0.00854092526690392,0.0231316725978648,0.0199288256227758,0.0370106761565836,2810
"0900901220","Ansonia",12.6128899835796,18.9944429743318,8.30049908064093,57.1182053494392,79.290780141844,9.77672708169162,3.38324139742579,21.4499605988968,43305,58.6856485475985,1.27983894161634,11.0440034512511,28.2858786310037,64,216500,"","1","7","13","14","28","51",NA,0.000143802128271498,0.00100661489790049,0.00186942766752948,0.00201322979580098,0.00402645959160196,0.00733390854184642,6954
"0900903250","Beacon Falls",7.79220779220779,4.08634041852035,1.43351458230351,83.5864978902954,97.3636513428901,1.28521997034108,0.527269731421981,5.33860603064755,83155,20.126582278481,13.3333333333333,5.86497890295359,55.1476793248945,40,233000,"4","11","4","10","15","20","20",0.00168776371308017,0.00464135021097046,0.00168776371308017,0.00421940928270042,0.00632911392405063,0.00843881856540084,0.00843881856540084,2370
"0900904580","Bethany",8.14940577249576,3.52430869329478,1.10247605277426,89.2262487757101,93.4935839508404,0.0180733779143322,5.16898608349901,5.53045364178565,97254,0,12.6346718903036,0.342801175318315,79.0401567091087,43,340900,"8","13","5","21","21","22","52",0.0039177277179236,0.00636630754162586,0.00244857982370225,0.0102840352595495,0.0102840352595495,0.0107737512242899,0.0254652301665034,2042
"0900907310","Branford",9.86009327115256,6.5258704148589,2.77124741753936,68.2452601855587,92.412908741184,1.24314312174966,3.88615801097101,3.864785922918,71938,55.5385235982251,3.08188785800726,14.1024606696249,25.5909640984268,45,296400,"48","60","77","76","129","134","163",0.00387252924566357,0.00484066155707947,0.00621218233158532,0.00613150463896733,0.0104074223477209,0.0108108108108108,0.0131504638967326,12395
"0900914160","Cheshire",3.73400184720939,2.28814190951778,0.65973883913311,87.9138573009963,83.3219388801531,4.08832980105285,7.03493539345047,7.08962876871539,106489,9.73130723558418,4.35745194726779,10.7879641742981,72.506792794606,44,337800,"30","38","52","41","100","92","214",0.00301901982489685,0.00382409177820268,0.00523296769648787,0.00412599376069236,0.0100633994163228,0.00925832746301701,0.0215356747509309,9937
"0900919550","Derby",10.6424855897652,15.4385405879073,5.68146295717412,56.607615556913,79.4779618630822,5.29071584870272,4.71241012816505,25.3516723976243,51596,49.7047444512319,2.76929342292812,16.6361229892079,29.0979433923844,59,207000,"","","4","10","15","20","38",NA,NA,0.000814498065567094,0.00203624516391774,0.0030543677458766,0.00407249032783547,0.0077377316228874,4911
"0900922910","East Haven",7.15879509111194,9.81331112499132,3.89980758658604,70.9711941496477,83.7067069818582,3.09579439252336,4.66602528862012,12.9432380428807,63120,45.5185944885401,1.17720502987604,15.3750111477749,36.1544635690716,49,209400,"","8","31","23","54","65","107",NA,0.000713457593864265,0.00276464817622403,0.00205119058235976,0.00481583875858379,0.00579684295014715,0.00954249531793454,11213
"0900934950","Guilford",6.03263032232392,4.77820310740824,1.44694533762058,84.4928366762178,94.1229010360843,0.580564487316899,3.13951411218292,3.55484101464809,99132,8.51575931232092,4.37822349570201,13.5472779369628,71.0487106017192,41,382900,"83","94","109","113","227","229","334",0.00951289398280802,0.0107736389684814,0.0124928366762178,0.0129512893982808,0.0260171919770774,0.0262464183381089,0.0382808022922636,8725
"0900935650","Hamden",7.05902461257976,8.34384157712459,2.93061131609317,66.1405097684047,67.7551484810559,20.8995009996262,4.84209157550835,9.18843359394048,70791,43.4640100056066,1.87605123560616,13.8612153361798,38.9830508474576,53,230800,"","12","71","76","105","121","252",NA,0.00051753137533963,0.00306206063742614,0.00327769871048432,0.00452839953422176,0.00521844136800794,0.0108681588821322,23187
"0900944560","Madison",4.27922814982974,4.00666851903306,1.18845500848896,87.667797610267,95.158551946985,0.361465578618763,2.98482939920039,1.0789199846651,107183,14.2646408024782,6.56439002802773,15.9168018881841,61.4102374981561,42,455700,"54","58","68","103","151","178","247",0.00796577666322467,0.0085558341938339,0.010030978020357,0.0151939814131878,0.0222746717804986,0.0262575601121109,0.0364360525151202,6779
"0900946520","Meriden",10.7876868739153,14.5512239347235,9.24734029351909,59.9156631391153,79.217061830937,10.68515362597,1.59499660815037,25.2899617796456,54588,40.8466123342659,1.56104285772209,13.5506629363824,42.4644203868143,58,179000,"29","21","20","44","73","82","121",0.0011758504642582,0.000851477922393869,0.000810931354660828,0.00178404898025382,0.00295989944451202,0.00332481855410939,0.00490613469569801,24663
"0900946940","Middlebury",12.9724457449403,3.9597404317309,1.67171251809925,89.8236590742101,90.5883901540082,1.25049361590101,6.27879426089246,2.35619323417138,97756,14.9155033063924,5.3269654665687,7.75165319617928,67.2667156502572,49,343900,"5","7","5","8","26","26","43",0.00183688464364438,0.00257163850110213,0.00183688464364438,0.00293901542983101,0.00955180014695077,0.00955180014695077,0.0157972079353417,2722
"0900947535","Milford",7.26205395422465,6.62298062536694,2.46024884411533,77.2147729945895,90.6927790098861,2.22907190918317,4.41303612374544,6.50114648723828,80247,56.3726182074806,1.31733709715361,9.74829451893672,31.3855563396848,53,300400,"","10","89","67","145","160","303",NA,0.000470477534697718,0.00418725005880969,0.00315219948247471,0.00682192425311691,0.00752764055516349,0.0142554693013409,21255
"0900949950","Naugatuck",10.4124835063966,8.78279185549244,4.70966521656894,65.7957833815626,84.4744971943761,7.06765021120989,1.88827942752664,11.5566483828258,58078,26.4324100868127,2.91029350971476,19.5783381562629,47.1765192228193,50,183700,"8","12","15","26","42","52","95",0.000661430343116991,0.000992145514675486,0.00124018189334436,0.00214964861513022,0.0034725093013642,0.00429929723026044,0.00785448532451426,12095
"0900952070","New Haven",12.7189256062842,26.6314641565746,10.2639879949775,28.8802716441301,43.0756745168897,33.8138915260466,5.1251033595688,28.1099745812023,37192,59.0564786723192,1.47274517289184,20.3391533222157,17.9843684073055,76,191800,"","12","64","94","101","136","249",NA,0.000241104257499347,0.00128588937332985,0.00188865001707822,0.00202929416728617,0.00273251491832593,0.00500291334311145,49771
"0900953890","North Branford",4.90160569841845,3.64106506394577,0.808137104639822,89.1454105380748,95.2208443639404,2.57767869583391,0.954437787376341,3.78988435279365,84697,13.3494693725563,4.28225656302365,10.3146527648483,68.9070936510892,45,284300,"","4","26","22","47","53","111",NA,0.000744740271830199,0.0048408117668963,0.0040960714950661,0.00875069819400484,0.00986780860175014,0.020666542543288,5371
"0900954870","North Haven",7.36099647332483,3.94498885477562,1.54572419267243,84.3533419476095,88.7621673559761,2.40213894807202,6.42102184902034,3.46325771817688,86340,32.1860683660284,1.31563491131211,9.37389874309879,55.0334782097968,51,295700,"","4","40","51","74","111","150",NA,0.000469869611182897,0.00469869611182897,0.00599083754258193,0.00869258780688359,0.0130388817103254,0.0176201104193586,8513
"0900957600","Orange",6.98539176626826,3.7733131705912,0.566470672594292,87.0358974358974,88.1686505091066,1.40542090922128,8.73368707873225,4.05134088627563,107047,12.6974358974359,2.83076923076923,5.10769230769231,76.9641025641026,53,384500,"","6","25","31","39","65","184",NA,0.00123076923076923,0.00512820512820513,0.00635897435897436,0.008,0.0133333333333333,0.0377435897435897,4875
"0900958300","Oxford",10.095211425371,3.63296172136899,1.19620941432344,87.4800456100342,94.6791983843405,2.58660866863446,0.947646419139351,4.47413391331366,97296,15.5530216647662,7.13797035347777,4.67502850627138,61.345496009122,34,350200,"8","9","13","13","34","61","71",0.00182440136830103,0.00205245153933865,0.00296465222348917,0.00296465222348917,0.00775370581527936,0.0139110604332953,0.0161915621436716,4385
"0900962290","Prospect",9.16016687828768,3.76647834274953,2.11820624095888,89.7035881435257,94.1206860921678,3.3891299855342,0.733622649307708,3.19280843149411,102397,8.73634945397816,4.33697347893916,6.30265210608424,76.8798751950078,36,305400,"11","6","11","17","22","33","52",0.00343213728549142,0.00187207488299532,0.00343213728549142,0.00530421216848674,0.00686427457098284,0.0102964118564743,0.0162246489859594,3205
"0900967610","Seymour",10.5301379811184,6.3467776485709,2.3813841039589,73.5087432587024,87.0232698700514,5.82048957388939,2.70172257479601,9.39256572982774,76991,7.35414283379637,4.49419839843112,14.9861088413139,70.8122242196437,50,256100,"8","10","10","23","31","51","60",0.00130740317045269,0.00163425396306586,0.00163425396306586,0.00375878411505148,0.00506618728550417,0.00833469521163589,0.00980552377839516,6119
"0900969640","Southbury",5.88235294117647,8.38234542014013,1.6422435573522,86.0477246055548,93.7342091965639,1.03587670540677,3.52703385548257,4.30015159171299,84058,5.67218672577911,4.82461859434085,38.153605424436,46.5640891902464,39,311400,"29","20","23","44","105","142","179",0.00378145781718607,0.00260790194288695,0.00299908723431999,0.00573738427435128,0.0136914852001565,0.0185161037944973,0.0233407223888382,7669
"0900978740","Wallingford",6.40114873035067,4.68788999568878,3.158198230167,74.7513000226091,90.0663132914902,2.16017210406086,4.23163077469006,9.11308744926701,74060,30.3018313361972,2.04612254126159,14.4245986886728,51.5091566809858,48,262700,NA,NA,NA,NA,NA,NA,NA,NA,NA,NA,NA,NA,NA,NA,17692
"0900980070","Waterbury",13.6557448501961,25.1275817915267,10.8095772745114,45.9204734787258,62.5270421995235,20.1778167246305,2.22909877591259,35.2502487425948,40467,35.4910103697809,1.7954392858031,29.9057518712854,31.3057966329296,58,134500,"22","18","26","48","68","134","166",0.000547086762987094,0.000447616442443986,0.000646557083530202,0.0011936438465173,0.00169099544923284,0.00333225573819412,0.00412801830253898,40213
"0900982870","West Haven",11.9998693536271,14.3674739288252,6.41975756038341,55.1720713115161,64.844443639131,21.3865081809781,3.92469513852398,20.5367011542155,50846,45.344390922183,1.09748224661072,19.2928440184735,33.7239906639519,58,200800,"","6","26","25","50","47","89",NA,0.000297958980980285,0.0012911555842479,0.00124149575408452,0.00248299150816904,0.0023340120176789,0.0044197248845409,20137
"0900987560","Wolcott",6.6047471620227,4.33470176285921,1.71681521804151,86.5645666550644,93.6591493689059,3.10462403541305,1.31004366812227,5.43159657833343,80323,7.13539853811347,13.0177514792899,11.1207796728159,63.9749390880613,48,240900,"7","17","30","23","53","42","60",0.00121823877479986,0.0029585798816568,0.00522102332057083,0.00400278454577097,0.0092238078663418,0.00730943264879916,0.0104420466411417,5746
"0900987700","Woodbridge",4.2429463708809,3.33220377273241,0.290860275198568,89.6887159533074,84.2376104709699,0.950889361226088,13.8829846739009,2.8302942163553,133412,8.85214007782101,3.92347600518807,7.23086900129702,76.7509727626459,48,474500,"","6","13","13","31","44","112",NA,0.00194552529182879,0.00421530479896239,0.00421530479896239,0.0100518806744488,0.0142671854734112,0.0363164721141375,3084
"0901106820","Bozrah",7.49682337992376,5.62141491395794,3.43511450381679,84.1897233201581,94.3893129770992,1.10687022900763,0.572519083969466,3.2824427480916,77045,3.75494071146245,6.32411067193676,7.60869565217391,68.3794466403162,46,236800,NA,NA,NA,NA,NA,NA,NA,NA,NA,NA,NA,NA,NA,NA,1012
"0901115910","Colchester",6.40737169184614,4.54887689797967,1.43724445545781,77.3630973142658,95.6634865568083,0.947837938297609,1.27617395613926,1.73460537727667,97313,2.52877572375305,11.7544471573073,10.4290198814091,66.8991977677014,32,274400,"22","26","41","40","73","84","119",0.0038367631670736,0.00453435647017789,0.00715033135681897,0.0069759330310429,0.0127310777816533,0.0146494593651901,0.0207534007673526,5734
"0901123400","East Lyme",6.50780081213935,4.58538299367533,2.01313837677474,79.6762589928058,84.8378893833439,3.38525111252384,4.25937698664971,8.66179275270184,84029,3.63862755949087,8.90979524073049,20.9739900387382,61.6768123962369,45,307800,"55","97","104","119","230","189","254",0.0076092971776425,0.0134200332042059,0.0143884892086331,0.0164637520752629,0.0318206972883232,0.0261483121195351,0.0351411178749308,7228
"0901129910","Franklin",6.83060109289618,5.53524804177546,2.12325220093216,88.169014084507,96.685655100984,0,0.155359917141378,1.55359917141378,87708,0,5.91549295774648,9.01408450704225,70.7042253521127,42,242000,"6","8","6","9","14","15","23",0.00845070422535211,0.0112676056338028,0.00845070422535211,0.0126760563380282,0.0197183098591549,0.0211267605633803,0.0323943661971831,710
"0901133900","Griswold",8.31755050505051,10.7672742687579,6.97030699547056,69.3113438823267,90.7649723200805,1.41754739137729,2.87703405468881,3.88357658111055,59153,3.7218631602407,5.61622464898596,16.7372409182082,63.6951192333408,40,206100,"15","24","23","26","56","41","65",0.00334299086249164,0.00534878537998663,0.00512591932248719,0.00579451749498551,0.0124804992199688,0.00913750835747716,0.0144862937374638,4487
"0901134250","Groton",5.98426001635323,8.35261767988892,4.58910618716551,48.259532595326,78.8826089131196,6.68483969389286,5.09678387435603,11.0563697294053,62137,9.7539975399754,6.37761377613776,30.6211562115621,51.4883148831488,41,253300,"8","13","11","","6","14","15",0.0004920049200492,0.000799507995079951,0.000676506765067651,NA,0.0003690036900369,0.000861008610086101,0.000922509225092251,16260
"0901142390","Lebanon",9.45945945945946,6.51277823577906,1.72721041809459,89.7031191281473,95.7642220699109,0.644276901987663,1.631254283756,1.1240575736806,89375,1.08981585869974,7.10259301014656,6.80195415257422,67.6437429537768,42,265400,"8","28","22","13","54","62","48",0.00300638857572341,0.0105223600150319,0.00826756858323938,0.00488538143555054,0.020293122886133,0.0232995114618564,0.0180383314543405,2661
"0901142600","Ledyard",7.05966246731638,5.59254327563249,2.12525735538288,81.9775596072931,85.0634256491997,2.12525735538288,3.48675034867503,6.59493923092249,84825,1.50771388499299,4.89130434782609,12.0792426367461,75.718793828892,43,242900,"45","38","36","42","77","80","115",0.00788920056100982,0.00666199158485273,0.00631136044880785,0.0073632538569425,0.0134992987377279,0.0140252454417952,0.0201612903225806,5704
"0901143230","Lisbon",8.18915801614764,1.54949121184089,1.13163972286374,85.379746835443,97.2748267898383,0.046189376443418,0.854503464203233,0.969976905311778,81200,1.45569620253165,3.48101265822785,10.5063291139241,73.9240506329114,35,226400,"6","15","17","17","31","32","28",0.00379746835443038,0.00949367088607595,0.0107594936708861,0.0107594936708861,0.019620253164557,0.020253164556962,0.0177215189873418,1580
"0901144210","Lyme",7.59587020648968,4.80847595762021,0.692746536267319,81.6155988857939,96.0472697636512,0,1.9559902200489,4.03422982885086,81650,0.928505106778087,11.2349117920149,6.22098421541318,67.2237697307335,48,477600,"7","16","10","23","18","32","47",0.00649953574744661,0.0148560817084494,0.00928505106778087,0.021355617455896,0.0167130919220056,0.0297121634168988,0.0436397400185701,1077
"0901148900","Montville",9.37622213531482,7.24484693594088,2.90297937356761,82.0034944670938,80.427807486631,4.84848484848485,5.6786350903998,7.91953144894321,70036,18.8701223063483,5.11065812463599,15.3756552125801,56.1153174140943,45,196500,"24","41","43","41","70","71","91",0.0034944670937682,0.00596971461852068,0.00626092020966803,0.00596971461852068,0.0101921956901573,0.0103377984857309,0.0132498543972044,6868
"0901152350","New London",13.3035134550177,28.6193998129729,13.3829267403275,35.1532033426184,59.0234474711009,16.9675090252708,3.13970025161361,29.4570251248952,36250,40.0185701021356,1.20705663881151,29.0157845868152,29.0993500464253,76,185400,"9","18","22","30","75","96","101",0.000835654596100279,0.00167130919220056,0.00204271123491179,0.00278551532033426,0.00696378830083565,0.00891364902506964,0.00937790157845868,10770
"0901155500","North Stonington",8.23148813803019,6.50730411686587,2.48294162244124,82.0971867007673,88.4382107657316,2.50189537528431,2.40712661106899,2.42608036391205,75954,0,9.30946291560102,6.75191815856778,73.2992327365729,45,292800,"21","16","23","27","46","35","45",0.0107416879795396,0.00818414322250639,0.0117647058823529,0.0138107416879795,0.0235294117647059,0.0179028132992327,0.0230179028132992,1955
"0901156270","Norwich",10.1585014409222,15.7229233046489,8.77676752620858,52.6927860696517,66.5499080836687,11.4721518358424,8.08863715407165,15.2481740944999,50078,33.1902985074627,3.18407960199005,22.0087064676617,39.4029850746269,61,176400,NA,NA,NA,NA,NA,NA,NA,NA,NA,NA,NA,NA,NA,NA,16080
"0901157040","Old Lyme",4.98927038626609,1.50713907985193,1.25578321216127,81.4944356120827,95.5056179775281,1.30865829477859,2.30006609385327,1.29543952412426,87025,1.71701112877583,11.6057233704293,17.8378378378378,62.7980922098569,56,399700,"37","45","54","60","99","114","152",0.0117647058823529,0.014308426073132,0.0171701112877583,0.0190779014308426,0.0314785373608903,0.036248012718601,0.0483306836248013,3145
"0901162150","Preston",7.68072289156626,5.03277648551491,3.21421019242969,82.5839793281654,84.8593783040812,2.57982660181857,6.34383590611123,1.39564389934447,69275,0.258397932816538,4.1343669250646,10.077519379845,74.6770025839793,42,244400,"7","11","10","24","25","29","33",0.00361757105943152,0.00568475452196382,0.00516795865633075,0.0124031007751938,0.0129198966408269,0.0149870801033592,0.0170542635658915,1935
"0901166210","Salem",8.5096803241783,4.47115384615385,1.57405199141426,93.0278884462151,91.008824230861,1.40710708323396,4.88910088242309,1.88409253517768,105326,0,7.96812749003984,14.8074369189907,63.2138114209827,36,270700,"4","27","16","21","35","27","33",0.00265604249667995,0.0179282868525896,0.0106241699867198,0.0139442231075697,0.0232403718459495,0.0179282868525896,0.0219123505976096,1506
"0901171670","Sprague",9.23355461677731,8.43454790823212,3.56063150822976,67.4937965260546,90.4937856902922,1.07490762512597,0.873362445414847,2.75445078938529,64063,1.90239867659222,3.97022332506203,10.6699751861042,75.5169561621175,62,215400,"7","8","5","12","16","9","15",0.00578990901571547,0.00661703887510339,0.00413564929693962,0.00992555831265509,0.0132340777502068,0.00744416873449132,0.0124069478908189,1209
"0901173770","Stonington",6.22791965277077,7.78485880672454,2.7038719446247,71.1962833914053,92.759030932295,1.21133463119187,2.255029201817,3.26086956521739,77295,11.9112143502387,6.92992644212156,15.2922957801007,62.5112917795845,52,326600,"84","99","108","97","228","243","302",0.010840108401084,0.0127758420441347,0.0139372822299652,0.0125177442250613,0.0294231513743709,0.0313588850174216,0.0389727706800878,7749
"0901178600","Voluntown",10.4330708661417,5.1518646674356,2.88350634371396,88.9452332657201,93.6178392925798,0.230680507497116,1.11495578623606,2.72971933871588,76012,0,4.15821501014199,9.93914807302231,68.052738336714,40,229000,"9","6","5","14","19","24","21",0.00912778904665314,0.00608519269776876,0.0050709939148073,0.0141987829614604,0.0192697768762677,0.0243407707910751,0.0212981744421907,986
"0901180280","Waterford",7.77167100568894,6.23680878007598,2.84655376537808,84.9343028447506,88.891748597313,2.14134966798785,3.65470736603696,5.857826735986,75956,4.42658502359995,4.20972062763108,15.6907768848067,72.2541140451588,54,253600,"56","61","90","74","157","167","257",0.00714376833779819,0.00778160479653017,0.0114810562571757,0.00943997958923332,0.0200280648041842,0.0213037377216482,0.0327847939788238,7839
"0901301080","Andover",7.15846994535519,2.61112838047871,0.435188063413118,91.1917098445596,95.834628535903,0.777121541809139,0.435188063413118,2.11377059372086,100321,0.77720207253886,9.24006908462867,10.5354058721934,59.153713298791,42,276200,"3","8","5","8","15","14","35",0.00259067357512953,0.00690846286701209,0.00431778929188256,0.00690846286701209,0.0129533678756477,0.0120898100172712,0.0302245250431779,1158
"0901306260","Bolton",5.35192993837172,3.32862618519266,1.77455132083081,89.7575457694211,92.3573301068764,1.85521274450494,1.91570881226054,3.44827586206897,97019,1.28649183572489,7.76843146956952,6.58090054428501,75.8040573973281,44,293100,"11","10","15","15","47","38","33",0.00544285007422068,0.0049480455220188,0.0074220682830282,0.0074220682830282,0.0232558139534884,0.0188025729836714,0.016328550222662,2021
"0901316400","Columbia",5.7542768273717,4.21786172748946,1.24542124542125,84.8763936015511,86.6666666666667,1.7032967032967,0.934065934065934,3.16849816849817,89986,2.27823557925351,11.1488124091129,9.50072709646146,67.8138633058652,34,241900,"10","13","16","32","45","36","52",0.00484730974309258,0.00630150266602036,0.00775569558894813,0.0155113911778963,0.0218128938439166,0.0174503150751333,0.0252060106640814,2063
"0901317800","Coventry",4.72620163341813,3.08731307284129,1.50200803212851,90.4148471615721,96.7791164658635,0.546184738955823,0.891566265060241,3.16465863453815,90309,1.52838427947598,9.91266375545852,11.4847161572052,68.1222707423581,45,256700,"15","33","24","41","71","69","85",0.00327510917030568,0.00720524017467249,0.00524017467248908,0.00895196506550218,0.0155021834061135,0.0150655021834061,0.0185589519650655,4580
"0901325360","Ellington",6.04279853642311,2.96371350769426,1.62117661959344,67.9774400751998,92.6033816731049,0.82958647330758,5.43980748527642,2.4127667658793,85545,14.3819520601598,4.88798370672098,22.7949240169199,50.4151652827824,38,256000,"13","36","35","43","78","82","69",0.00203665987780041,0.00563998120006267,0.00548331505561648,0.00673664421118596,0.0122199592668024,0.0128466238445872,0.0108099639667868,6383
"0901337910","Hebron",4.00582665695557,1.41725719049604,1.12371241286026,93.1157270029674,96.5144105712205,0.634689418374779,1.14452190198731,2.1329726355218,105104,4.45103857566766,6.17210682492582,6.94362017804154,72.7299703264095,33,298000,"12","16","24","35","67","48","73",0.00356083086053412,0.00474777448071217,0.00712166172106825,0.0103857566765579,0.0198813056379822,0.0142433234421365,0.0216617210682493,3370
"0901344910","Mansfield",6.66424682395644,17.127114104232,1.39918954048475,59.708475796293,79.2033030048169,4.64485052374035,11.2852664576803,5.89494609679639,60263,6.17239517725391,7.43206766240777,26.525103473097,51.5745906064423,43,242200,"19","32","39","55","82","90","141",0.00341911103113191,0.00575850278927479,0.00701817527442865,0.00989742666906604,0.0147561633975166,0.0161957890948353,0.025373402915242,5557
"0901369220","Somers",7.30790907383055,4.45296686907425,1.72247967124246,84.0142095914742,84.681297543062,7.65060767683833,2.52688642126432,5.93687155722654,95605,2.4866785079929,10.5387803433985,5.23978685612789,73.7714624037892,43,308500,"6","17","25","25","31","39","47",0.00177619893428064,0.00503256364712848,0.007400828892836,0.007400828892836,0.00917702782711664,0.0115452930728242,0.0139135583185317,3378
"0901372090","Stafford",7.3369170419875,11.3553113553114,5.47646960308156,71.9557964970809,94.7663707921621,0.829006866521521,1.69988276670574,3.57561547479484,62371,0.875729774812344,6.75562969140951,14.7623019182652,60.4253544620517,56,190300,"10","13","20","25","50","40","39",0.00208507089241034,0.00271059216013344,0.00417014178482068,0.00521267723102585,0.0104253544620517,0.00834028356964137,0.00813177648040033,4796
"0901376290","Tolland",4.31480842250604,2.76821281479981,0.890525610980917,94.0053455517373,97.2413793103448,0.395045195848678,1.38600602611316,3.76966856377636,110593,0.916380297823597,5.70828560519282,4.75372279495991,75.2004581901489,38,281100,"12","29","36","58","93","77","104",0.00229095074455899,0.0055364642993509,0.00687285223367698,0.0110729285987018,0.0177548682703322,0.0147002672775869,0.0198549064528446,5238
"0901377830","Union",4.88721804511278,0.991189427312775,0,96.048632218845,97.3713033953998,0.328587075575027,1.31434830230011,4.052573932092,95865,2.73556231003039,7.29483282674772,3.95136778115502,61.7021276595745,33,274600,"3","3","2","4","4","7","10",0.00911854103343465,0.00911854103343465,0.0060790273556231,0.0121580547112462,0.0121580547112462,0.0212765957446809,0.0303951367781155,329
"0901378250","Vernon",10.2143906020558,9.75473801560758,5.70515903001992,54.5268270471276,83.3859998626091,6.97602527993405,3.17716562478533,8.32932609741018,59961,34.5981634666464,2.99005843515216,14.1610381725734,46.3003718600592,47,206000,"20","24","41","42","79","68","76",0.00151779615997572,0.00182135539197086,0.00311148212795022,0.003187371935949,0.00599529483190408,0.00516050694391743,0.00576762540790772,13177
"0901385950","Willington",8.54379365932294,14.0244925348096,1.9459822177487,66.5701282581713,96.1080355645026,0,2.56668344237544,5.40177822513001,73526,1.9859329747621,3.88911874224245,14.811750103434,66.6115018618122,43,229300,"7","5","19","21","33","25","38",0.0028961522548614,0.00206868018204386,0.00786098469176665,0.0086884567645842,0.0136532892014894,0.0103434009102193,0.0157219693835333,2417
"0901501430","Ashford",6.72926447574335,7.96690307328605,4.46157439850502,84.9201655824956,96.3326325624854,1.56505489371642,0.44382153702406,1.75192711983181,77870,0.887049083382614,6.09107037256061,16.3808397397989,49.0242460082791,38,232000,"13","16","18","24","31","33","42",0.00768775872264932,0.00946185688941455,0.0106445890005914,0.0141927853341218,0.0183323477232407,0.0195150798344175,0.0248373743347132,1691
"0901509190","Brooklyn",8.5823754789272,9.96203691582668,5.07571168988492,77.2820864790666,96.1356753482738,1.34463961235615,0.654149000605693,7.47425802543913,60694,5.35346602608099,2.57378174330817,8.78517501715855,69.2518874399451,47,223100,"6","19","27","31","34","36","53",0.00205902539464653,0.00652024708304736,0.0092656142759094,0.0106382978723404,0.0116678105696637,0.0123541523678792,0.018188057652711,2914
"0901512130","Canterbury",8.34708017156054,4.93317610062893,4.23778693349029,89.3178212585933,98.0184422209143,0.588581518540318,0.490484598783598,0.137335687659407,83862,0.951877313590693,5.97567424643046,5.44685351665785,63.1940772078266,35,234200,"8","20","8","14","30","37","17",0.00423056583818086,0.0105764145954521,0.00423056583818086,0.0074034902168165,0.0158646218931782,0.0195663670015865,0.00898995240613432,1891
"0901513810","Chaplin",8.74909616775127,5.03533568904594,3.00353356890459,81.5256257449344,96.2014134275618,1.06007067137809,0,5.43286219081272,67054,2.62216924910608,5.72109654350417,6.7938021454112,65.554231227652,49,206000,"5","4","10","15","14","12","19",0.00595947556615018,0.00476758045292014,0.0119189511323004,0.0178784266984505,0.0166865315852205,0.0143027413587604,0.0226460071513707,839
"0901521860","Eastford",9.15094339622642,3.20916905444126,1.52974504249292,85.2459016393443,95.7507082152975,0.453257790368272,1.24645892351275,1.41643059490085,78466,0.745156482861401,5.21609538002981,4.91803278688525,52.0119225037258,36,248300,"9","2","13","10","14","10","11",0.0134128166915052,0.0029806259314456,0.0193740685543964,0.014903129657228,0.0208643815201192,0.014903129657228,0.0163934426229508,671
"0901536000","Hampton",6.28115653040877,4.95372890582471,2.21621621621622,82.2314049586777,95.0810810810811,0.918918918918919,0.594594594594595,2.75675675675676,76625,0.964187327823691,3.85674931129477,7.02479338842975,57.5757575757576,44,229400,"1","5","8","13","14","27","23",0.00137741046831956,0.0068870523415978,0.0110192837465565,0.0179063360881543,0.0192837465564738,0.0371900826446281,0.0316804407713499,726
"0901540500","Killingly",7.68126346015793,10.2015485548791,6.94492753623188,69.3856998992951,90.8811594202899,1.71594202898551,2.3304347826087,4.3768115942029,55764,14.4727377355776,6.43072939145447,13.9979859013092,53.3448424687095,45,188500,"18","44","54","38","80","64","97",0.00258955545964609,0.00633002445691267,0.00776866637893828,0.00546683930369731,0.0115091353762049,0.00920730830096389,0.0139548266436484,6951
"0901559980","Plainfield",10.0346848463103,7.57797920554519,5.25415926875781,72.4011200560028,92.2667192740186,2.96573946208983,1.27572828302755,4.49135266653515,60673,7.24536226811341,5.77528876443822,15.0157507875394,63.6506825341267,50,171600,"11","21","29","55","38","58","74",0.00192509625481274,0.00367518375918796,0.00507525376268813,0.0096254812740637,0.00665033251662583,0.0101505075253763,0.0129506475323766,5714
"0901561030","Pomfret",5.72251955537258,2.24580454096742,2.47501189909567,76.7615176151762,97.453593526892,1.07091861018563,0.951927653498334,2.21323179438363,91053,1.0840108401084,5.82655826558266,11.8563685636856,63.8211382113821,35,289100,"11","13","9","30","27","31","32",0.00745257452574526,0.00880758807588076,0.00609756097560976,0.0203252032520325,0.0182926829268293,0.0210027100271003,0.021680216802168,1476
"0901562710","Putnam",10.4553734061931,10.146659424226,5.28094634558513,57.6492051081574,96.092099704267,0.337980566117448,0.42247570764681,2.78833967046895,51621,21.8660411780036,4.11780036486839,15.7935887412041,51.2640083398488,64,178900,"8","14","4","16","33","31","46",0.00208496221005994,0.0036486838676049,0.00104248110502997,0.00416992442011989,0.00860046911649726,0.00807922856398228,0.0119885327078447,3837
"0901567400","Scotland",6.16784630940344,3.78250591016548,1.59574468085106,90.3225806451613,97.6359338061466,0.236406619385343,0,3.42789598108747,79896,0,3.56536502546689,8.82852292020373,60.9507640067912,34,232400,"","2","2","6","8","9","6",NA,0.0033955857385399,0.0033955857385399,0.0101867572156197,0.0135823429541596,0.0152801358234295,0.0101867572156197,589
"0901573420","Sterling",10.7107107107107,10.4149933065596,5.00790722192936,88.4584342211461,93.516078017923,1.95044807590933,0.817079599367422,2.24037954665261,72220,0.645682001614205,10.5730427764326,8.79741727199354,57.1428571428571,30,208800,"3","4","7","7","7","18","16",0.00242130750605327,0.00322841000807102,0.00564971751412429,0.00564971751412429,0.00564971751412429,0.0145278450363196,0.0129136400322841,1239
"0901575870","Thompson",6.80007411524921,5.24951393389501,3.50539702896227,79.7109207708779,97.3495778561505,0.299241209789462,0.395425884364647,0.940472373624025,69924,2.24839400428266,5.03211991434689,8.96680942184154,67.9336188436831,50,197200,"18","21","23","41","32","44","51",0.00481798715203426,0.00562098501070664,0.00615631691648822,0.0109743040685225,0.00856531049250535,0.0117773019271949,0.0136509635974304,3736
"0901586790","Windham",12.6322106368615,24.3194858847831,11.0858827278521,48.8873904248146,74.047960484385,5.70825366475462,2.19088591459528,36.5638942001275,41398,25.2303888514273,4.38300741739717,15.6439649359407,50.0337154416723,57,159900,"14","20","29","31","48","47","75",0.00157338727804001,0.00224769611148573,0.0032591593616543,0.00348392897280288,0.00539447066756575,0.00528208586199146,0.00842886041807148,8898
"0901588190","Woodstock",8.1126624939817,3.34855403348554,3.14561136478945,86.7590206185567,96.4485032978184,0,0.253678335870117,3.46270928462709,78594,0,12.4677835051546,9.375,60.8247422680412,35,242500,"24","26","47","52","75","58","77",0.0077319587628866,0.00837628865979381,0.0151417525773196,0.0167525773195876,0.0241623711340206,0.0186855670103093,0.0248067010309278,3104
